lightfm_no_components,lightfm_loss,lightfm_learning_rate,lightfm_epochs,lightfm_num_threads,lightfm_alpha,lightfm_random_state,lightfm_item_alpha,lightfm_user_alpha,precision@10,recall@20,ndcg@10,catalog_coverage@10,novelty@10,train_seconds
32,warp,0.05,80,4,0.0001,42,0.0001,0.0001,0.26099999999999984,0.06712397499328959,0.26471523372996053,0.8998490186210367,3.3585742944873602,74.88
64,warp,0.05,80,4,0.0001,42,0.0001,0.0001,0.2545999999999997,0.06652266656930526,0.26216968112681355,0.9033719174635129,3.364191305024754,111.57
128,warp,0.05,80,4,0.0001,42,0.0001,0.0001,0.2568,0.06715871833897681,0.26175402469131215,0.9018621036738802,3.364225891836261,156.39
32,bpr,0.05,50,4,1e-06,42,1e-06,1e-06,0.2599999999999998,0.06705021398572926,0.2616764487436589,0.9043784599899346,3.3710154635791203,60.79
128,warp,0.05,50,4,1e-05,42,1e-05,1e-05,0.2620000000000001,0.06737256311060587,0.261080524730064,0.9058882737795672,3.3561691930268265,118.41
32,bpr,0.05,50,4,1e-05,42,1e-05,1e-05,0.26239999999999974,0.0675749127935496,0.2609832695249858,0.9094111726220433,3.3615037534108096,56.76
64,warp,0.05,80,4,1e-06,42,1e-06,1e-06,0.2597999999999998,0.06681444317255104,0.2600835779258075,0.9119275289380976,3.3665556050311856,102.62
128,warp,0.1,80,4,0.0001,42,0.0001,0.0001,0.2577999999999997,0.06778391088178981,0.2589837044472778,0.8998490186210367,3.353329146934981,152.88
32,warp,0.1,60,4,1e-06,42,1e-06,1e-06,0.26180000000000003,0.06782597988991802,0.2589056534564726,0.9048817312531454,3.3690860952168076,70.65
32,warp,0.1,80,4,1e-05,42,1e-05,1e-05,0.2595999999999997,0.06790733971218009,0.2587944433597877,0.9124308002013085,3.364389228198259,71.79
64,warp,0.05,50,4,1e-06,42,1e-06,1e-06,0.25859999999999994,0.0668937118865521,0.25870513209463664,0.8973326623049824,3.3624375468521546,85.43
32,warp,0.05,60,4,0.0001,42,0.0001,0.0001,0.25620000000000004,0.06726341738328831,0.2586407616847813,0.9008555611474585,3.360881795011735,61.11
128,bpr,0.05,80,4,1e-05,42,1e-05,1e-05,0.2579999999999998,0.06706165461506725,0.25838722107387835,0.9008555611474585,3.362283055531459,158.36
64,bpr,0.05,80,4,1e-06,42,1e-06,1e-06,0.2612,0.06848901215003816,0.25807126193583124,0.9003522898842476,3.3622034160066745,98.41
128,warp,0.1,60,4,1e-06,42,1e-06,1e-06,0.25880000000000003,0.06597343836291186,0.2579605015465514,0.9068948163059889,3.3636521792529646,130.17
64,bpr,0.05,50,4,1e-06,42,1e-06,1e-06,0.2559999999999998,0.06666430818471152,0.2579243556564247,0.898842476094615,3.369813063249051,77.33
64,warp,0.05,60,4,1e-06,42,1e-06,1e-06,0.25939999999999996,0.06834157240645865,0.25774817320798565,0.9008555611474585,3.3687671286922143,90.78
128,warp,0.05,80,4,1e-05,42,1e-05,1e-05,0.25499999999999984,0.06709452116464999,0.257661709154256,0.9043784599899346,3.358298715673713,150.18
32,bpr,0.1,50,4,1e-05,42,1e-05,1e-05,0.2509999999999998,0.0660587541988533,0.25695685715787786,0.9063915450427781,3.357594476598735,58.8
64,warp,0.1,60,4,0.0001,42,0.0001,0.0001,0.2590000000000001,0.06634724339643515,0.256947791012464,0.9084046300956216,3.3603807677754136,88.23
64,warp,0.1,80,4,1e-05,42,1e-05,1e-05,0.25799999999999995,0.06695056943651552,0.2562949138465886,0.9094111726220433,3.3662551091985353,99.7
32,bpr,0.05,80,4,1e-05,42,1e-05,1e-05,0.2574,0.06607864781636566,0.2558890998949674,0.8963261197785607,3.3645921898465576,70.96
32,warp,0.05,80,4,1e-06,42,1e-06,1e-06,0.2549999999999998,0.06737146540634842,0.25556574025866635,0.9079013588324106,3.363156106691527,75.13
32,bpr,0.05,60,4,1e-06,42,1e-06,1e-06,0.2561999999999999,0.06590859267467195,0.25540620026062355,0.9073980875691998,3.3637919975118535,67.7
128,warp,0.05,60,4,1e-05,42,1e-05,1e-05,0.2544,0.06546796312630167,0.2553954891353085,0.9099144438852541,3.365797808822721,130.69
128,bpr,0.05,60,4,1e-05,42,1e-05,1e-05,0.2545999999999999,0.06708972412924458,0.2553423888413336,0.895319577252139,3.370547187490262,132.55
64,warp,0.1,60,4,1e-06,42,1e-06,1e-06,0.2544000000000001,0.06651448176473915,0.2552596884919432,0.898842476094615,3.3546877111820357,82.69
64,warp,0.05,80,4,1e-05,42,1e-05,1e-05,0.2579999999999998,0.066244135112357,0.25522350958969264,0.9109209864116758,3.367371622222227,99.33
32,bpr,0.1,80,4,1e-06,42,1e-06,1e-06,0.25799999999999973,0.06813551607869349,0.2550744695382426,0.9099144438852541,3.370870881325302,77.26
128,warp,0.05,50,4,0.0001,42,0.0001,0.0001,0.25479999999999986,0.06748397420686822,0.2550157998307746,0.9099144438852541,3.3608532772320707,122.08
64,warp,0.1,50,4,1e-05,42,1e-05,1e-05,0.2525999999999999,0.06654211164496492,0.2549106390171027,0.9033719174635129,3.364577570519228,73.29
64,warp,0.05,50,4,1e-05,42,1e-05,1e-05,0.2537999999999998,0.06675842053810917,0.25457490153756873,0.8973326623049824,3.361149303103051,78.87
128,bpr,0.1,50,4,1e-06,42,1e-06,1e-06,0.2543999999999998,0.06735645646828613,0.25455844470838873,0.9053850025163563,3.362963297278803,122.31
32,bpr,0.1,50,4,1e-06,42,1e-06,1e-06,0.25239999999999985,0.06680007898853482,0.2543076362619573,0.8917966784096628,3.3604043684330813,60.03
32,bpr,0.1,60,4,1e-05,42,1e-05,1e-05,0.25279999999999986,0.06685188314375473,0.2541452934624351,0.898842476094615,3.361408420146595,63.98
128,bpr,0.1,80,4,1e-06,42,1e-06,1e-06,0.2521999999999999,0.06629881808430302,0.25400171037486113,0.9079013588324106,3.364131056319103,165.39
32,warp,0.1,50,4,0.0001,42,0.0001,0.0001,0.2516,0.06685620554933261,0.2539897667136748,0.9068948163059889,3.372400985549658,58.68
32,warp,0.05,60,4,1e-05,42,1e-05,1e-05,0.25419999999999987,0.06595650521518624,0.25390353734069515,0.9023653749370911,3.3616922046409723,65.37
128,warp,0.05,60,4,0.0001,42,0.0001,0.0001,0.25379999999999975,0.065714663490444,0.25359581682765325,0.9028686462003019,3.3617323746756838,130.7
32,warp,0.05,60,4,1e-06,42,1e-06,1e-06,0.25259999999999966,0.06676769754070373,0.2534755830979955,0.9124308002013085,3.367541719578536,63.06
128,warp,0.05,80,4,1e-06,42,1e-06,1e-06,0.25679999999999986,0.06758103590860862,0.25308051895955436,0.895319577252139,3.359366091520369,147.13
128,warp,0.1,50,4,1e-05,42,1e-05,1e-05,0.2539999999999999,0.0670394894575415,0.2530728158541738,0.9058882737795672,3.364393976924166,113.23
32,warp,0.1,60,4,1e-05,42,1e-05,1e-05,0.24940000000000007,0.06654371228274801,0.2528066360243915,0.9053850025163563,3.3641388586246475,63.7
128,warp,0.1,80,4,1e-05,42,1e-05,1e-05,0.25599999999999984,0.06647354081774134,0.2526596933882177,0.9209864116758933,3.3709027050982163,154.34
128,warp,0.05,50,4,1e-06,42,1e-06,1e-06,0.2562,0.06714113612639484,0.2522258562602844,0.9018621036738802,3.3653406039548375,123.54
64,bpr,0.05,60,4,1e-05,42,1e-05,1e-05,0.253,0.06748105347030102,0.2519436321253455,0.9129340714645193,3.357900553053018,83.42
32,warp,0.1,60,4,0.0001,42,0.0001,0.0001,0.2552,0.06747321906346784,0.25172936402003027,0.910417715148465,3.3582987643390174,64.72
64,warp,0.05,60,4,0.0001,42,0.0001,0.0001,0.25419999999999987,0.06741288978331542,0.2516114237979807,0.9094111726220433,3.3653582064942675,93.84
128,warp,0.1,60,4,1e-05,42,1e-05,1e-05,0.24839999999999993,0.06564042059896384,0.25157975504677355,0.9073980875691998,3.3640767439746435,127.86
32,bpr,0.1,80,4,1e-05,42,1e-05,1e-05,0.2512,0.06673675360854023,0.25110415142942993,0.8973326623049824,3.3567151858810704,78.15
128,warp,0.05,60,4,1e-06,42,1e-06,1e-06,0.25319999999999987,0.06696783718468556,0.25085725019440913,0.9119275289380976,3.3669276638938967,135.49
128,bpr,0.1,50,4,1e-05,42,1e-05,1e-05,0.24720000000000003,0.06596975048739075,0.2506689070467353,0.9033719174635129,3.3669103089360504,123.14
128,bpr,0.1,60,4,1e-06,42,1e-06,1e-06,0.2517999999999999,0.0679497766555719,0.25048602195391884,0.9079013588324106,3.3609149811745955,136.14
128,warp,0.1,80,4,1e-06,42,1e-06,1e-06,0.2525999999999998,0.06612232904547106,0.25047077511260024,0.8998490186210367,3.3579158843577823,154.68
64,bpr,0.1,60,4,1e-05,42,1e-05,1e-05,0.25219999999999976,0.06708783039009848,0.2503413254269068,0.9048817312531454,3.359880527259207,87.24
32,warp,0.1,50,4,1e-06,42,1e-06,1e-06,0.2522000000000002,0.06691412495303857,0.25015211434886897,0.9028686462003019,3.3631534800413254,57.82
64,bpr,0.1,50,4,1e-06,42,1e-06,1e-06,0.24779999999999985,0.06557360026481125,0.25008450240020075,0.9018621036738802,3.361475405315835,79.6
32,bpr,0.1,60,4,1e-06,42,1e-06,1e-06,0.2502,0.06622960500202003,0.25006067365135576,0.9079013588324106,3.3634766503092424,65.67
128,warp,0.1,50,4,0.0001,42,0.0001,0.0001,0.24859999999999982,0.06574573186166348,0.24977983631576262,0.9089079013588324,3.3644457308930034,113.19
128,bpr,0.05,50,4,1e-05,42,1e-05,1e-05,0.25160000000000016,0.06663567535020039,0.24940167070252608,0.894816305988928,3.3541663695930453,121.42
32,warp,0.1,80,4,0.0001,42,0.0001,0.0001,0.24839999999999976,0.06643731421563834,0.24898641905785468,0.9023653749370911,3.3607180944801143,74.07
64,warp,0.05,60,4,1e-05,42,1e-05,1e-05,0.25159999999999977,0.06740256276188686,0.24888466767632908,0.9068948163059889,3.366527045148415,95.64
32,bpr,0.05,80,4,1e-06,42,1e-06,1e-06,0.2517999999999999,0.06623940637699942,0.24877697592860823,0.9028686462003019,3.3705345211282287,74.63
32,warp,0.1,80,4,1e-06,42,1e-06,1e-06,0.24819999999999995,0.06555610113920986,0.24867794890046382,0.9018621036738802,3.36568486592317,70.83
128,bpr,0.1,60,4,1e-05,42,1e-05,1e-05,0.24859999999999985,0.0663190062594538,0.24857705008676487,0.8993457473578259,3.365430043678422,138.35
32,warp,0.05,50,4,1e-06,42,1e-06,1e-06,0.24959999999999985,0.06753299716206523,0.24855145344982676,0.9053850025163563,3.367655272201397,55.43
64,bpr,0.1,50,4,1e-05,42,1e-05,1e-05,0.25039999999999973,0.0663660737215054,0.24827114535452852,0.9089079013588324,3.363789774785347,82.11
64,warp,0.05,50,4,0.0001,42,0.0001,0.0001,0.2446,0.06519495571473469,0.24762980324495226,0.9048817312531454,3.3716157243018943,82.08
64,warp,0.1,80,4,1e-06,42,1e-06,1e-06,0.2497999999999997,0.06620314565189785,0.247472121833475,0.9028686462003019,3.3586959795720226,99.75
64,warp,0.1,50,4,0.0001,42,0.0001,0.0001,0.2495999999999999,0.06578026468893053,0.24733236979303053,0.8998490186210367,3.365005367181512,77.77
128,bpr,0.05,80,4,1e-06,42,1e-06,1e-06,0.24599999999999972,0.06677064488062516,0.24664621216987306,0.9033719174635129,3.3644441006335297,161.63
64,bpr,0.1,60,4,1e-06,42,1e-06,1e-06,0.24580000000000007,0.06701307566835871,0.24661870881049514,0.8998490186210367,3.3632578905180677,88.19
64,bpr,0.05,60,4,1e-06,42,1e-06,1e-06,0.24559999999999993,0.06556532944111727,0.24646264885346048,0.9058882737795672,3.3660395509563052,89.8
32,warp,0.1,50,4,1e-05,42,1e-05,1e-05,0.25079999999999997,0.06619517470294349,0.24635891736261967,0.9043784599899346,3.364651440585324,59.68
128,warp,0.1,60,4,0.0001,42,0.0001,0.0001,0.2465999999999999,0.06567140726989887,0.24626122127759,0.9114242576748868,3.3667849729218657,124.6
128,bpr,0.05,60,4,1e-06,42,1e-06,1e-06,0.24639999999999987,0.06577417919777395,0.24623505047862337,0.9038751887267237,3.358145309920175,135.94
64,warp,0.1,60,4,1e-05,42,1e-05,1e-05,0.24939999999999987,0.06671417905606399,0.24576784960188547,0.9094111726220433,3.3645014829314723,84.44
32,warp,0.05,50,4,0.0001,42,0.0001,0.0001,0.2459999999999999,0.06554204514201889,0.2454647940140512,0.8892803220936084,3.360445664358989,101.06
128,warp,0.1,50,4,1e-06,42,1e-06,1e-06,0.24680000000000013,0.06650029190443764,0.24495683129469137,0.9109209864116758,3.3665029864075375,110.47
64,warp,0.1,50,4,1e-06,42,1e-06,1e-06,0.24699999999999997,0.06488938318060342,0.24456001568700883,0.894816305988928,3.362644201907103,72.24
32,warp,0.05,80,4,1e-05,42,1e-05,1e-05,0.2475999999999998,0.06545291924619312,0.2444885747766107,0.9094111726220433,3.362582217951036,71.91
32,warp,0.05,50,4,1e-05,42,1e-05,1e-05,0.2455999999999997,0.06474729672846918,0.24413797749606814,0.9048817312531454,3.367389277542386,58.1
128,bpr,0.1,80,4,1e-05,42,1e-05,1e-05,0.24439999999999978,0.06650226151113424,0.2440629915631943,0.9053850025163563,3.361334459079984,163.58
64,warp,0.1,80,4,0.0001,42,0.0001,0.0001,0.24439999999999956,0.06711157562572677,0.24340734167614111,0.910417715148465,3.36463943273146,101.19
32,bpr,0.05,60,4,1e-05,42,1e-05,1e-05,0.24659999999999968,0.06591243656835126,0.24317767041423888,0.9068948163059889,3.3662318872621304,63.88
64,bpr,0.1,80,4,1e-06,42,1e-06,1e-06,0.24920000000000017,0.06598287067272107,0.24220003339992427,0.9063915450427781,3.364088371489974,106.06
64,bpr,0.05,80,4,1e-05,42,1e-05,1e-05,0.24319999999999994,0.0653392841685603,0.2416227891588234,0.914443885254152,3.372214979119723,105.02
128,bpr,0.05,50,4,1e-06,42,1e-06,1e-06,0.24399999999999972,0.06590789303903447,0.24044510753759443,0.9048817312531454,3.360625505564366,122.92
64,bpr,0.1,80,4,1e-05,42,1e-05,1e-05,0.24459999999999985,0.06576108819218178,0.2403446404541369,0.9099144438852541,3.364929553393728,108.04
64,bpr,0.05,50,4,1e-05,42,1e-05,1e-05,0.2441999999999997,0.06653372644629427,0.23931935906219828,0.8993457473578259,3.3702285195896913,75.2
32,bpr,0.1,80,4,0.0001,42,0.0001,0.0001,0.07780000000000027,0.019946197419420907,0.07794971339351307,0.6834423754403623,3.3946102751288825,73.92
128,bpr,0.05,60,4,0.0001,42,0.0001,0.0001,0.0774000000000002,0.019377722879741224,0.07638243350733356,0.7176648213387016,3.40314756309991,131.9
128,bpr,0.05,80,4,0.0001,42,0.0001,0.0001,0.0778000000000003,0.02032596733344655,0.07488003757457667,0.6985405133366884,3.4023325560638855,157.93
32,bpr,0.05,80,4,0.0001,42,0.0001,0.0001,0.07260000000000029,0.018398815680653723,0.07429551290195668,0.7206844489179668,3.395060125036248,72.97
128,bpr,0.1,50,4,0.0001,42,0.0001,0.0001,0.07460000000000032,0.019179607049427252,0.0742295591653176,0.5807750377453448,3.396504459580077,123.56
64,bpr,0.1,60,4,0.0001,42,0.0001,0.0001,0.07480000000000026,0.0194202629101036,0.07295926087033291,0.7070961248112733,3.3894240315487827,85.97
64,bpr,0.05,80,4,0.0001,42,0.0001,0.0001,0.0740000000000003,0.019316116088761572,0.0725182406100328,0.7101157523905385,3.400144944325999,103.88
32,bpr,0.05,60,4,0.0001,42,0.0001,0.0001,0.07320000000000021,0.01988525645842871,0.07208400317110704,0.7030699547055863,3.406021441357487,68.77
32,bpr,0.05,50,4,0.0001,42,0.0001,0.0001,0.07280000000000024,0.025202204076560333,0.07165714196455351,0.727730246602919,3.401905869394036,56.85
128,bpr,0.1,60,4,0.0001,42,0.0001,0.0001,0.07280000000000024,0.020047075396816563,0.07149063590645617,0.44036235530951184,3.418668740799305,138.32
64,bpr,0.05,50,4,0.0001,42,0.0001,0.0001,0.07080000000000022,0.01842369802321569,0.07045705630454908,0.712128837443382,3.3996842300055286,75.51
64,bpr,0.1,80,4,0.0001,42,0.0001,0.0001,0.07180000000000021,0.018701207912984918,0.07009390923647495,0.7126321087065929,3.395981962226259,99.15
64,bpr,0.1,50,4,0.0001,42,0.0001,0.0001,0.06940000000000024,0.018674839763266185,0.06988877618586027,0.7015601409159536,3.395926852044671,76.53
32,bpr,0.1,60,4,0.0001,42,0.0001,0.0001,0.07080000000000021,0.01967874630504638,0.06898417772566527,0.7126321087065929,3.3978941787926487,63.94
128,bpr,0.1,80,4,0.0001,42,0.0001,0.0001,0.07040000000000021,0.019156072940520817,0.06793884775802893,0.45697030699547053,3.35989232731878,165.21
32,bpr,0.1,50,4,0.0001,42,0.0001,0.0001,0.06700000000000021,0.017931422633275268,0.06749990552141973,0.7141419224962254,3.3880541423996395,57.38
128,bpr,0.05,50,4,0.0001,42,0.0001,0.0001,0.0672000000000002,0.018731780886977377,0.0674959755343466,0.7091092098641167,3.386053118768314,122.58
64,bpr,0.05,60,4,0.0001,42,0.0001,0.0001,0.06580000000000016,0.01779651904520649,0.06559081884365636,0.712128837443382,3.398127306090937,86.09
